{
    "subject_id": "MITEA_002_scan1_ED.nii",
    "grid_shape": [
        128,
        128,
        128
    ],
    "grid_stats": {
        "min": 0.1049448624253273,
        "max": 0.4669641852378845,
        "mean": 0.2622876763343811,
        "std": 0.061418309807777405,
        "median": 0.2584763765335083
    },
    "num_vertices": 224457,
    "num_faces": 441414,
    "config": {
        "hidden_dim": 32,
        "num_inr_layers": 2,
        "learning_rate": 0.0001,
        "num_views": 3,
        "num_optimization_steps": 1000,
        "grid_resolution": 128
    }
}